key,coc_frac
0_0,0.10648276713258663
0_1,0.10308864821500201
0_2,0.098552871116048
0_8,0.06340831250578544
0_15,0.004566632725477491
0_16,0.0037335308093430835
