key,coc_frac
0_0,0.16710695146803534
0_1,0.12831157068457996
0_2,0.1032530757038267
0_8,0.04272020529851309
0_14,0.02083176088761416
0_17,0.012831157068457997
