key,coc_frac
0_0,0.3579488080080783
0_1,0.27646309873995695
0_2,0.06181674496202309
0_7,0.02326908723712517
0_12,0.013346797207709532
0_17,0.00513676076744084
